North Central,South Central,North,Outer West,Inner West,South 
Asherville,Arena Park,Canelands,Alverstone,Berea West,Amandawe
Berea,Bellair,Avoca hills,Assagay,Chiltern Hills,Amanzimtoti
Bluff,Cato Manor,Red hill,Botha's Hill,Chiltern Hills,Athlone Park
Durban North,Chatsworth,Park hill,Cato Ridge,Clermont,Clansthal
Essenwood,Glen Park,"Glen Anil, Durban North",Crestholm,Cowies Hill,Craigieburn
Greyville,Glenwood,"Glen Ashley, Durban North",Cliffdale,Dassenhoek,Isipingo
Mayville,Hillary,"La Lucia, Umhlanga",Clifton Canyon,Klaarwater,Isipingo Beach
Morningside,Jacobs Ladder,Mount Edgecombe,Drummond,KwaDabeka,Kingsborough
Ntuzuma,Manor Gardens,Verulam,Everton,KwaNdengezi,KwaMakhutha
Newlands East is the best surburb,Memorial Park,Redcliffe,Emberton,Escombe,Lower Illovo
Overport,Merebank,Tongaat,Forest Hills,Malvern,Lovu
Phoenix,Merewent,Umdloti,Fredville,Maryvale,Magabeni
Puntans Hill,Montclair,Umhlanga,Gillitts,Marianridge,Reunion
Springfield,Mount Vernon,Verulam,Hammarsdale,Marianhill,Umbogintweni
Stamford Hill,Northdene,"Sunningdale, Umhlanga",Harrison,Moseley,Umkomaas
Sydenham,North Park,,"Hillcrest, KwaZulu-Natal",Nazareth,Warner Beach
Windermere,Poet's Corner,,Inchanga,New Germany,Widenham
Inanda,Prospecton,,Kloof,Pinetown,
Gwalas house,Rossburgh,,KwaXimba,Queensburgh,
,Sarnia,,Molweni,Reservoir Hills,
,Seaview,,Monteseel,Shallcross,
,Shallcross,,Mpumalanga,Sarnia,
,Treasure Beach,,Peacevale,Savanna Park,
,Wentworth,,Shongweni,St Wendolins Ridge/ KwaSanti,
,Umhlatuzana,,Summerveld,Shallcross,
,Umlazi,,Waterfall,Thornwood,
,Umbilo,,Winston Park,Welbedacht,
,Woodhaven,,Wyebank,Westville,
,Woodlands,,,Chatsworth,
,Yellowwood Park,,,,