joburg,
Abbotsford
Alan Manor
Auckland Park
Bassonia
Bedfordview
Bertrams
Boskruin
Braamfontein
Broadacres
Bryanston
City Centre
Craighall
Cresta
Crown Gardens
Cyrildene
Darrenwood
Douglasdale
Dunkeld
Emmarentia
Fairland
Fairmount
Fairvale
Fourways
Gallo Manor
Germiston
Glenhazel
Glenvista
Greenside
Honeydew
Houghton
Hurlingham
Hyde Park
Illovo
Inanda
Kensington
Kyalami
Laezonia
Linden
Lombardy East
Lonehill
Lyndhurst
Melrose
Melville
Meredale
Midrand
Morningside
Morningside Manor
North Riding
Northcliff
Norwood
Oakdene
Observatory
Olivedale
Ormonde
Parkmore
Parktown
Parkview
Randburg
Randpark Ridge
Rembrandt Park
Rivonia
Rosebank
Ruimsig
Sandown
Sandton
Tedderfield Ah
The Hill
Troyeville
Turffontein
Victory Park
Waverley
Weltevredenpark
Westdene
Winchester Hills
Windsor
